{
  "bugs": [
    {
      "id": 1,
      "name": "message not displayed when needed",
      "isClosed": false,
      "createdAt": "2016-08-03T06:37:19.902Z"
    },
    {
      "id": 2,
      "name": "another message msessage",
      "isClosed": false,
      "createdAt": "2016-08-03T06:43:35.350Z"
    },
    {
      "id": 3,
      "name": "dsafdasfasdfasdfas",
      "isClosed": false,
      "createdAt": "2016-08-03T06:44:16.730Z"
    },
    {
      "id": 4,
      "name": "sadfasfasfasfas",
      "isClosed": false,
      "createdAt": "2016-08-03T06:44:41.145Z"
    },
    {
      "id": 5,
      "name": "dsafasfasfas",
      "isClosed": false,
      "createdAt": "2016-08-03T06:45:52.584Z"
    },
    {
      "id": 6,
      "name": "sadfadsfasfas",
      "isClosed": false,
      "createdAt": "2016-08-03T06:47:25.165Z"
    },
    {
      "id": 7,
      "name": "asdfdasfdasf",
      "isClosed": false,
      "createdAt": "2016-08-03T06:48:06.754Z"
    },
    {
      "id": 8,
      "name": "dsafadsfdasfas",
      "isClosed": false,
      "createdAt": "2016-08-03T06:51:49.705Z"
    },
    {
      "id": 9,
      "name": "sdafasfass",
      "isClosed": false,
      "createdAt": "2016-08-03T06:52:03.715Z"
    }
  ]
}